seed,delta20,delta_tuned,delta_best_cut,rise_h3,logreg_h3,gbm_h3,rise_h6,logreg_h6,gbm_h6,rise_h12,logreg_h12,gbm_h12,mcnemar_rise_vs_delta20_p,mcnemar_rise_vs_delta_tuned_p,mcnemar_gbm_vs_rise_p
7,60.5,74.625,1.0,63.24999999999999,98.75,99.375,76.75,100.0,99.75,82.25,100.0,100.0,8.322584815659822e-23,8.931479599682931e-07,3.587324068671532e-43
17,59.375,75.875,1.0,64.625,99.125,99.5,80.25,99.75,99.75,84.625,99.75,99.5,1.274629216620491e-29,1.419571074706475e-09,1.5310860939234328e-32
27,61.375,77.875,1.0,66.375,99.375,99.875,81.125,99.75,99.875,85.5,100.0,100.0,3.630176922760829e-28,1.5020945707319435e-07,2.407412430484045e-35
37,63.5,76.75,1.0,64.375,99.125,99.375,79.125,99.75,99.5,84.25,99.875,99.25,3.4465906102043166e-21,7.396940204558046e-07,7.84059433975869e-33
47,61.25000000000001,78.125,1.0,64.5,99.625,100.0,79.625,99.75,99.625,84.5,99.625,99.625,3.127447046788544e-25,1.8167956227043718e-05,7.52316384526264e-37
